start	end	text
22840	24240	üëú
30000	30000	
114200	115240	Oi, tudo bem?
117240	119500	Voc√™ aqui est√° √≥timo tamb√©m. Voc√™ est√° me vendo?
122420	123340	Sim, tamb√©m.
136160	136680	Ok.
282760	283160	Ok.
283940	284340	Ok.
284340	287360	Eu sou Ant√¥nio, sou fuma de design gr√°fico.
288040	289560	Acabam de ter que fazer uma p Mode suppression.
290360	291740	Tamb√©m h√° aqui 2 meses.
293440	295800	pode dar a√ß√£o de produtos digitais.
297980	301780	A termina da minha p√≥s-gada√ß√£o, eu j√° tenho com a√ß√£o das pessoas metedas de estudos,
301840	304540	que eu quero ser um especiais que nos insistem.
305100	308760	Eu acho muito interessante que depois que eu tenho a minha p√≥s-gada√ß√£o, eu tenho um foco muito maior nisso.
310420	313460	Minha experi√™ncia da estar bem na educa√ß√£o, saiu de esporte.
314200	315960	Vou me bilharem seria a primeira vez.
318240	320120	Acho que no geral, √© isso.
330800	333460	Eu achei interessante de estar bem na quest√£o da movilh√°ria.
333660	336020	Nunca tive uma experi√™ncia nisso, eu achei muito legal.
336700	340040	E tamb√©m o que a empresa faz, de fazer todas essas movilh√°rias.
340200	345260	Eu acho isso muito importante usar a tecnologia para facilitar a negocia√ß√£o,
345260	348920	reduzir a tecnologia e a minha experi√™ncia do usu√°rio.
349320	350280	Isso √© o mais importante.
351040	352080	Ningu√©m gosta de sua tecnologia.
352700	354620	Quanto mais diminuir, melhor fica.
362900	364500	N√£o, n√£o estou trabalhando.
368580	369900	Foi com a ag√™ncia.
381200	383340	Eu vou falar do √∫ltimo que eu tinha feito.
383840	386760	Aquela plataforma de educa√ß√£o n√£o estava em nem os tubulares.
387480	393960	Onde os alunos podiam responder as quest√µes, fazer simulados e ver sua coopera√ß√£o no geral.
394740	403420	Eu fiz uma desk bulge, personalizada do ano, onde ele mais errou, sugere materiais para saber o que melhorar.
405240	412840	Poder ver todos os ensaios, acertos e erros, fazer as simula√ß√µes tamb√©m em casa.
413400	415340	Esse projeto era para um col√©gio.
415880	418520	Eles tinham simulados a cada 2 meses.
420700	422140	E eu fiz esse neg√≥cio de personalizada.
422400	425000	Depois de pronto, foi feito um teste com 4 alunos.
425760	430060	Eles usaram para a plataforma por 2 meses, at√© o pr√≥ximo celular.
430760	435920	Depois que ele foi feito o seu lado, eles conseguiram uma melhora m√©dia de 35%.
435920	438540	Ent√£o, foi muito bom essa plataforma para isso.
438780	441660	Ent√£o, pouco tempo, j√° fiz 35%.
441660	444380	Agora, imagina aqui um ano, que vai ser boa.
444680	447060	Exatamente, as pessoas estudam de 1 hora, 2 anos.
455420	460660	Ah sim, porque eles n√£o tinham uma plataforma de estudo fora da escola.
461300	468120	Escriviam exatamente isso, porque era uma dor para eles, saber os dados principais para ver como melhorar os alunos.
469280	477520	Eles faziam um simulado, mas eles n√£o tinham um feedback de como estudar o que tem esses feedback mais autom√°ticos.
478460	481540	Voc√™ errou muito uma tem√°tica b√°sica, ent√£o voc√™ tem que estudar isso.
482160	488000	E tamb√©m tem uma plataforma que n√£o precisa pagar, porque geralmente tem cursos disso que tem para dar forma pr√≥pria,
488680	490700	desquest√µes e nem de vesibulares.
491200	492860	L√° j√° tudo inclu√≠do, n√©?
493060	497440	Ent√£o, a pessoa que estudou naquele col√©gio n√£o precisa pagar uma plataforma por fora,
498000	503000	ou algum cursinho por fora para conseguir demandar essa demanda que eles t√™m.
512200	515280	O sura√ß√£o completa, que eles n√£o tinham isso, n√©?
515880	519020	Que eles n√£o tinham nada de online, era s√≥ na col√©gio.
519080	520100	Agora, eles t√™m isso.
524720	530000	Foi essa quest√£o do destino de pessoas das dados, gostando gr√°ficos que eles t√™m,
530260	535580	ter os dados tamb√©m dos acetes erros deles, geralmente quando eles fazem o simulado no col√©gio.
535960	543080	J√° √© passado automaticamente por das contas deles, ent√£o, como fez o simulado j√° tem todos os dados deles,
543080	546940	e sabe tamb√©m as respostas quando fazem a plataforma.
547300	551080	Ent√£o, foi tudo isso, foi a plataforma bastante completa com todos os dados,
551680	555320	voc√™s que podiam ajudar o aluno a passar no in√©m ou o professor l√°.
569180	571140	Ah, isso foi definido entre eles.
571140	580220	Eles deram bastante completo, ent√£o, eu n√£o fizia elaborar muito essa quest√£o de UX, n√£o eles.
590320	595760	As quatro pessoas, duas pessoas de medicina, outras duas pessoas s√£o de outros cursos.
595760	598800	N√£o foi especificado, s√≥ n√£o podia ser medicina.
599400	604220	O que eles criam, fazesse test para entender como um bem mais pessoas que s√£o para medicina,
604320	607700	que tem um foco muito maior de estudo, porque a nossa discote √© alt√≠ssima.
608360	610880	E outros cursos que eles escolheram aleatoriamente.
611680	618060	As escolas dos an√¥nus foi feito uma pesquisa entre eles para ver quem tinha uma maior disponibilidade
618060	619400	para participar da plataforma.
620240	624040	A√≠, foi nisso dois meses, a foi feito o test e passaram.
624600	627320	Eles come√ßaram aos poucos, incluindo v√°rios arrondos.
641440	643060	A verdadeira√ß√£o foi o test.
643540	649100	As fortes, a gente tentou entender se a forma interessa ser muito boa para ser usada.
649880	652680	Se, muitas vezes, a pessoa ia estudar mesmo ou, ent√£o, um suporte.
652680	655420	A pessoa participou da plataforma e depois n√£o usam mais.
656120	659920	√â a capa que a gente entender tamb√©m se, como podemos dizer,
660860	663100	essa pessoa tinha um foco de estudo tamb√©m.
664040	666740	Eu acho que foi essas duas que a gente tinha que ter.
667220	669160	Ent√£o, foi por isso que foi s√≥ quatro pessoas.
669480	675040	Foi meio que escolher para ver as pessoas que tinham duas notas no col√©gio para fazer esse teste.
675460	677180	A gente coloca tipo para todos os an√¥nus.
692000	692860	S√£o Paulo.
695760	696520	S√£o Paulo.
696520	696640	S√£o Com√£.
700620	701680	Sim, √© muito perto.
701980	702880	Tem uma etapa de S√£o Com√£.
703460	704840	Ela √© da linha V, tamb√©m.
722440	725820	T√°... T√° cinco mil e seiscentes, mas eu vou para o seu negoci√°rio.
741160	741980	√â uma a√ß√£o.
741980	742540	O que √© saber da equipe?
743120	749920	O que s√£o as as as as as as as as as as as as as as as as as as as as as as as as as as as as as as a team.
809080	815000	T√°, outra pergunta √© o feedback que seria quando.
853080	853840	T√°.
876680	878080	T√°.
878080	878800	T√°.
